Event,Data_Source,Depth [m],Latitude,Longitude,symbiont-barren non-spinose,symbiont-barren spinose,symbiont-bearing non-spinose,symbiont-bearing spinose,symbiont-facultative non-spinose,symbiont-facultative spinose,symbiont-obligate spinose,undetermined non-spinose
181-1123,forcens_lgm,,-41.786,-171.499,298,228,0,0,160,0,3,0
80KB11,forcens_lgm,,36.5,24.3,146,89,0,0,31,0,2,0
A015558,forcens_lgm,0.58,8.983333333,51.73333333,93,41,0,13,130,0,24,0
A156-04,forcens_lgm,750,34.817,-74.683,20,36,0,20,98,0,149,0
A164-05,forcens_lgm,171,37.767,-71.235,118,34,0,8,155,0,36,0
A164-06,forcens_lgm,109,38.133,-69.851,96,29,0,0,47,1,13,0
A164-24,forcens_lgm,75,36.483,-69,26,7,0,1,85,0,37,0
A164-61,forcens_lgm,100,39.535,-68.783,127,69,0,9,151,0,36,0
A167-13,forcens_lgm,140,31.65,-75.35,52,15,0,11,120,0,116,0
A167-14,forcens_lgm,100,31.467,-76.467,49,13,0,18,116,0,127,0
A172-01,forcens_lgm,40,17.233,-73.467,26,11,0,15,99,0,326,0
A172-02,forcens_lgm,60,16.2,-72.317,18,9,0,26,124,1,247,0
A173-04,forcens_lgm,72,33.867,-62.533,80,16,0,1,192,0,50,0
A179-15,forcens_lgm,149,24.8,-75.933,22,3,0,66,65,0,274,0
A179-15,forcens_lgm,162,24.8,-75.933,34,3,0,83,116,0,426,0
A180-09,forcens_lgm,60,39.45,-45.95,209,63,0,0,100,0,20,0
A180-15,forcens_lgm,60,39.267,-36.7,240,69,0,2,270,0,86,0
A180-16,forcens_lgm,70,38.35,-32.483,96,88,0,4,100,0,31,0
A180-32,forcens_lgm,60,29.117,-26.25,67,8,0,8,80,0,175,0
A180-39,forcens_lgm,30,25.833,-19.3,205,90,0,2,74,0,89,0
A180-47,forcens_lgm,350,15.318,-17.918,17,226,0,13,69,0,68,0
A180-48,forcens_lgm,529,15.317,-18.1,11,108,0,6,69,0,162,0
A180-56,forcens_lgm,100,12.235,-17.767,73,203,0,7,53,0,120,0
A180-72,forcens_lgm,46,0.585,-21.783,143,10,0,1,161,0,45,0
A180-73,forcens_lgm,60,0.167,-23,213,8,0,11,309,0,179,0
A180-74,forcens_lgm,50,-0.05,-24.167,136,19,0,1,116,0,79,0
A180-76,forcens_lgm,60,-0.767,-26.033,62,2,0,1,117,1,63,0
AII 125-8 JPC 20,forcens_lgm,,26.03816667,-110.9301667,1626,918,0,0,337,0,212,0
BC15,forcens_lgm,,41.95,5.93,102,461,0,0,74,0,4,0
BS79-22,forcens_lgm,,38.231,14.23,2144,1517,0,13,1548,0,1146,0
BS79-33,forcens_lgm,,38.157,14.018,1461,1296,0,0,834,0,785,0
BS79-37,forcens_lgm,,38.215,13.269,427,408,0,2,332,0,113,0
BS79-38,forcens_lgm,,38.247,13.346,1495,2509,0,8,1770,0,793,0
DED8707,forcens_lgm,,39.41,13.34,147,216,0,0,81,0,52,0
DSDP site 594,forcens_lgm,2.52,-45.5235,174.948,510,7,0,0,17,0,0,0
E-34,forcens_lgm,,19.26883333,-94.5115,299,200,2,0,439,0,1603,0
E-35,forcens_lgm,,19.16266667,-94.535,177,72,5,4,318,0,1296,5
E-37,forcens_lgm,,18.961,-94.50916667,195,56,1,1,26,0,536,1
E26-001,forcens_lgm,0.61,-40.28333333,168.34,104,142,0,0,69,0,3,0
E27-030,forcens_lgm,0.6,-45.0667,147.2283,103,137,0,0,71,0,5,0
E45-027,forcens_lgm,0.3,-43.23333333,105.5833333,81,170,0,0,49,0,0,0
E45-078,forcens_lgm,0.31,-45.037,114.348,63,172,0,0,63,1,1,0
E45-102,forcens_lgm,0.24,-33.61666667,113.5833333,37,37,0,4,198,0,38,0
E48-011,forcens_lgm,0.22,-29.7,97.58333333,64,27,0,0,144,1,65,0
E48-035,forcens_lgm,0.355,-30.35333333,86.485,74,50,0,0,96,0,90,0
E55-006,forcens_lgm,0.4,-38.8533,141.0633,69,133,0,18,97,0,2,0
EN6601-10,forcens_lgm,30.5,6.65,-21.9,54,17,0,8,73,0,214,0
FR1/94-GC03,forcens_lgm,0.3,-44.2606,149.9963889,135,201,0,0,53,0,4,0
GIK23354-6,forcens_lgm,0.8,70.3315,-10.6288,100,0,0,0,0,0,0,0
GL-77,forcens_lgm,,-21.20611,-40.04722,31,20,0,25,202,0,359,0
GeoB 3302-1,forcens_lgm,,-33.218333,-72.09,99408,33080,0,0,30656,0,688,0
GeoB10029-4,forcens_lgm,,-1.4945,100.128,80,24,0,39,268,0,253,7
GeoB10038-4,forcens_lgm,,-5.9375,103.246,87,82,1,31,256,1,193,22
GeoB10042-1,forcens_lgm,,-7.1135,104.6425,107,60,0,14,323,0,100,10
GeoB10043-3,forcens_lgm,,-7.30917,105.05867,134,144,0,23,439,0,169,24
GeoB10053-7,forcens_lgm,,-8.6765,112.8725,162,178,1,41,191,0,143,15
GeoB10069-3,forcens_lgm,,-9.59483,120.917,318,473,3,248,695,0,509,76
GeoB12615-4,forcens_lgm,,-7.138333,39.840833,64,51,2,38,168,1,317,26
GeoB16224-1,forcens_lgm,,6.656333,-52.083167,112,64,0,16,148,0,342,3
GeoB18530-1,forcens_lgm,,42.8395,-49.23483333,530,174,0,0,44,0,0,0
GeoB20616-1,forcens_lgm,,-25.589,33.334,73,40,0,20,240,0,206,8
GeoB2104-3,forcens_lgm,,-27.285,-46.373333,111,57,1,54,245,0,468,0
GeoB7010-2,forcens_lgm,,8.57,-53.205,55,94,0,21,139,2,348,1
K708-4,forcens_lgm,58,49.984,-25.018,415,8,0,0,2,0,0,0
K708-6,forcens_lgm,60,51.552,-29.567,935,65,0,0,0,0,0,0
K708-7,forcens_lgm,53,53.933,-24.083,244,9,0,0,6,0,0,0
K708-8,forcens_lgm,83,52.736,-22.55,588,25,0,0,19,0,0,0
K714-3,forcens_lgm,82,57.486,-27.519,457,35,0,0,5,0,0,0
KC24-19,forcens_lgm,,42.14966667,-10.48766667,1829,925,0,3,907,0,167,2
KET8003,forcens_lgm,,38.49,14.3,1474,1396,0,9,768,0,33,0
KET8019,forcens_lgm,,40.33,13.21,991,617,0,4,376,0,290,0
KET8022,forcens_lgm,,40.35,11.43,86,110,0,0,73,0,0,0
KET8039,forcens_lgm,,36.32,11.41,2096,1676,0,11,764,0,1347,0
KET8216,forcens_lgm,,41.31,17.59,390,399,0,2,76,0,2,0
KL96,forcens_lgm,,32.77,19.19,145,36,0,5,5,0,327,0
LC01,forcens_lgm,,40.26,6.887,415,1022,0,1,171,0,159,0
LC04,forcens_lgm,,38.65,6.11,336,379,0,5,166,0,137,0
LC07,forcens_lgm,,38.14,10.07,119,254,0,1,88,0,23,0
LC21,forcens_lgm,,35.66,26.58,633,239,0,22,267,0,315,0
LV29-114-3,forcens_lgm,4.05,49.375667,152.877933,173,32,0,0,1,0,0,0
M12392,forcens_lgm,172.5,25.167,-16.85,417,365,0,5,220,0,29,1
MD 95-2043,forcens_lgm,,36.143,-2.621,2127,601,0,0,144,0,52,0
MD01-2390,forcens_lgm,,6.6353,113.409,300,86,0,31,826,0,870,0
MD01-2398,forcens_lgm,,23.9918,124.413,141,247,1,85,510,0,661,1
MD01-2409,forcens_lgm,,41.5608,141.868,582590,163300,450,0,42420,0,380,0
MD02-2520,forcens_lgm,,15.669,-95.3,86,590,9,31,1025,0,368,0
MD02-2523,forcens_lgm,,15.429,-94.2388,14,179,5,14,900,0,188,0
MD03-2607,forcens_lgm,,-36.9607,137.4065,510,792,0,40,419,0,253,0
MD04-2797CQ,forcens_lgm,,36.95,11.67,1905,2033,0,36,1004,0,713,0
MD04-2805,forcens_lgm,,34.5165,-7.0165,1598,1383,0,41,734,0,484,0
MD04-2861,forcens_lgm,,24.13,63.91,246,926,0,117,113,0,2367,1
MD06-2986,forcens_lgm,1.98,-43.4985,167.9,157,195,0,0,102,0,1,0
MD06-2986,forcens_lgm,2.3,-43.4985,167.9,109,181,0,0,67,0,0,0
MD84-632,forcens_lgm,,32.47,34.23,4644,768,0,150,630,0,15287,0
MD84627,forcens_lgm,,32.14,33.45,369,26,0,1,29,0,797,0
MD84629,forcens_lgm,,32.04,34.21,684,827,0,40,56,0,51,0
MD84641,forcens_lgm,,33.02,32.38,583,117,0,8,44,0,8,0
MD88-770,forcens_lgm,1.12,-46.01666667,96.46666667,209,7,0,0,1,0,0,0
MD90-917,forcens_lgm,,41.298,17.613,2777,2439,0,8,632,0,294,1
MD90901,forcens_lgm,,39.947,1.591,1290,2995,0,2,578,0,664,0
MD95-2010,forcens_lgm,3.1,66.6842,4.5662,296,0,0,0,0,0,0,0
MD95-2010,forcens_lgm,3.12,66.6842,4.5662,216,7,0,0,0,0,0,0
MD95-2010,forcens_lgm,3.17,66.6842,4.5662,237,6,0,0,0,0,0,0
MD95-2010,forcens_lgm,3.2,66.6842,4.5662,327,1,0,0,0,0,0,0
MD95-2010,forcens_lgm,3.3,66.6842,4.5662,294,0,0,0,0,0,0,0
MD95-2010,forcens_lgm,3.33,66.6842,4.5662,192,14,0,0,0,0,0,0
MD95-2010,forcens_lgm,3.37,66.6842,4.5662,202,11,0,0,0,0,0,0
MD95-2010,forcens_lgm,3.4,66.6842,4.5662,303,0,0,0,0,0,0,0
MD95-2010,forcens_lgm,3.43,66.6842,4.5662,200,9,0,0,0,0,0,0
MD95-2010,forcens_lgm,3.47,66.6842,4.5662,201,7,0,0,0,0,0,0
MD95-2010,forcens_lgm,3.5,66.6842,4.5662,299,0,0,0,0,0,0,0
MD95-2010,forcens_lgm,3.52,66.6842,4.5662,212,10,0,0,0,0,0,0
MD95-2010,forcens_lgm,3.54,66.6842,4.5662,195,9,0,0,0,0,0,0
MD95-2010,forcens_lgm,3.56,66.6842,4.5662,235,11,0,0,0,0,0,0
MD95-2010,forcens_lgm,3.6,66.6842,4.5662,292,0,0,0,0,0,0,0
MD95-2010,forcens_lgm,3.62,66.6842,4.5662,199,15,0,0,0,0,0,0
MD95-2010,forcens_lgm,3.66,66.6842,4.5662,204,9,0,0,0,0,0,0
MD95-2010,forcens_lgm,3.68,66.6842,4.5662,202,8,0,0,0,0,0,0
MD95-2010,forcens_lgm,3.7,66.6842,4.5662,316,0,0,0,0,0,0,0
MD95-2010,forcens_lgm,3.72,66.6842,4.5662,214,10,0,0,0,0,0,0
MD95-2010,forcens_lgm,3.76,66.6842,4.5662,196,13,0,0,0,0,0,0
MD95-2010,forcens_lgm,3.8,66.6842,4.5662,295,4,0,0,0,0,0,0
MD95-2010,forcens_lgm,3.83,66.6842,4.5662,236,13,0,0,0,0,0,0
MD95-2010,forcens_lgm,3.85,66.6842,4.5662,199,6,0,0,0,0,0,0
MD95-2010,forcens_lgm,3.88,66.6842,4.5662,213,8,0,0,0,0,0,0
MD95-2010,forcens_lgm,3.9,66.6842,4.5662,307,0,0,0,0,0,0,0
MD95-2010,forcens_lgm,3.93,66.6842,4.5662,230,12,0,0,0,0,0,0
MD95-2010,forcens_lgm,3.96,66.6842,4.5662,323,19,0,0,0,0,0,0
MD95-2010,forcens_lgm,4,66.6842,4.5662,289,1,0,0,0,0,0,0
MD95-2010,forcens_lgm,4.04,66.6842,4.5662,217,6,0,0,0,0,0,0
MD95-2010,forcens_lgm,4.1,66.6842,4.5662,298,1,0,0,0,0,0,0
MD95-2010,forcens_lgm,4.13,66.6842,4.5662,239,7,0,0,0,0,0,0
MD95-2010,forcens_lgm,4.16,66.6842,4.5662,203,12,0,0,0,0,0,0
MD95-2010,forcens_lgm,4.2,66.6842,4.5662,305,0,0,0,0,0,0,0
MD95-2010,forcens_lgm,4.27,66.6842,4.5662,209,4,0,0,0,0,0,0
MD95-2010,forcens_lgm,4.3,66.6842,4.5662,300,0,0,0,0,0,0,0
MD95-2010,forcens_lgm,4.36,66.6842,4.5662,197,15,0,0,0,0,0,0
MD95-2010,forcens_lgm,4.4,66.6842,4.5662,303,0,0,0,0,0,0,0
MD95-2010,forcens_lgm,4.43,66.6842,4.5662,205,5,0,0,0,0,0,0
MD95-2010,forcens_lgm,4.47,66.6842,4.5662,214,8,0,0,0,0,0,0
MD95-2010,forcens_lgm,4.49,66.6842,4.5662,208,2,0,0,0,0,0,0
MD95-2010,forcens_lgm,4.54,66.6842,4.5662,206,5,0,0,0,0,0,0
MD95-2010,forcens_lgm,4.59,66.6842,4.5662,198,2,0,0,0,0,0,0
MD95-2010,forcens_lgm,4.6,66.6842,4.5662,305,0,0,0,0,0,0,0
MD95-2042,forcens_lgm,,37.799833,-10.1665,3864,2279,0,30,1914,0,817,0
MD96-2048,forcens_lgm,,-26.1667,34.0167,186,92,0,35,397,0,495,0
MD97-2138,forcens_lgm,,1.42,146.236,83,484,0,111,1197,0,968,4
MD98-2195,forcens_lgm,,31.64,128.94,6400,7383,0,414,9021,0,4791,0
MD98-2196,forcens_lgm,,29.88,128.61,148,430,1,52,645,2,520,10
MD99-2281,forcens_lgm,,60.341833,-9.455667,6920,1190,0,0,1036,0,0,0
MD99-2303,forcens_lgm,2.1,77.519667,8.399667,307,17,0,0,0,0,0,0
MD99-2303,forcens_lgm,2.2,77.519667,8.399667,309,16,0,0,0,0,0,0
MD99-2303,forcens_lgm,2.3,77.519667,8.399667,337,20,0,0,0,0,0,0
MD99-2303,forcens_lgm,2.4,77.519667,8.399667,310,17,0,0,0,0,0,0
MD99-2303,forcens_lgm,2.5,77.519667,8.399667,319,20,0,0,0,0,0,0
MD99-2303,forcens_lgm,2.6,77.519667,8.399667,312,10,0,0,0,0,0,0
MD99-2303,forcens_lgm,2.7,77.519667,8.399667,301,4,0,0,0,0,0,0
MD99-2303,forcens_lgm,2.8,77.519667,8.399667,289,13,0,0,0,0,0,0
MD99-2331,forcens_lgm,,42.15,-9.68333,4178,2552,0,1,1912,0,364,0
MD992344,forcens_lgm,,41.997,4.836,183,1210,0,0,103,0,16,0
MD992346,forcens_lgm,,42.044,4.151,1004,3431,0,2,653,0,81,0
ME0005A-3JC,forcens_lgm,,15.65666667,-95.2805,209,490,28,35,1875,0,190,2
NS07-25,forcens_lgm,,6.66575,113.5489333,304,177,0,29,2986,0,2946,22
ODP 658C,forcens_lgm,,20.7492,-18.5808,785,995,0,7,277,0,51,0
ODP 969,forcens_lgm,,33.839,24.884,692,261,0,2,206,0,508,0
ODP 973,forcens_lgm,,35.78,18.948,292,124,0,5,110,0,124,0
ODP 975,forcens_lgm,,38.89,4.5,735,1472,0,0,430,0,83,0
ODP 977,forcens_lgm,,36.0317,-1.95528,1914,258,0,4,61,0,20,0
ODP122-760A,forcens_lgm,0.39,-16.922,115.5413333,27,2,0,7,136,0,154,0
ODP122-762B,forcens_lgm,0.8,-19.88733333,112.254,19,7,0,6,115,0,116,3
OMEXII-9K,forcens_lgm,,42.33233333,-9.698666667,3860,2721,0,2,1369,0,336,0
P69,forcens_lgm,3.9,-40.39666667,177.9966667,154,68,0,0,90,0,7,0
PE109-13,forcens_lgm,,42.572,-9.69,700,1151,0,0,1300,1,419,0
Q200,forcens_lgm,0.59,-45.995,172.025,253,23,0,0,2,0,0,0
Q585,forcens_lgm,0.73,-49.70333333,-177.99,326,15,0,0,3,0,0,0
R657 (S),forcens_lgm,0.5,-42.53333333,-178.4916667,180,111,0,0,158,0,2,0
R657 (W),forcens_lgm,0.5,-42.53333333,-178.4916667,136,80,0,0,98,0,1,0
RC08-018,forcens_lgm,20,-24.067,-15.117,33,14,0,43,93,0,213,0
RC08-039,forcens_lgm,0.7,-42.88333333,42.35,261,29,0,0,10,0,0,0
RC08-078,forcens_lgm,0.5,-44.78333333,-175.7666667,69,94,0,0,106,0,12,0
RC08-145,forcens_lgm,35,33.569,-62.383,96,86,0,8,102,0,84,1
RC09-049,forcens_lgm,70,11.184,-58.585,33,21,0,17,66,0,300,0
RC09-049,forcens_lgm,85,11.184,-58.585,24,23,0,12,50,0,184,3
RC09-148,forcens_lgm,0.19,-29.68,113.7,8,14,0,1,209,0,116,0
RC09-150 (P),forcens_lgm,0.8,-31.28333333,114.5516667,35,28,0,11,181,0,46,0
RC09-150 (W),forcens_lgm,0.9,-31.28333333,114.5516667,19,29,0,0,218,0,23,0
RC09-161,forcens_lgm,1.6,19.56833333,59.595,12,89,0,8,105,1,85,0
RC09-162,forcens_lgm,0.5,19.07666667,60.42166667,10,66,0,9,122,0,95,0
RC09-225,forcens_lgm,135,54.968,-15.385,965,15,0,0,20,0,0,0
RC10-050,forcens_lgm,100,11.767,-81.086,22,2,0,6,67,0,216,0
RC10-11,forcens_lgm,20,-11.183,-162.917,4,10,0,64,341,0,549,0
RC10-131,forcens_lgm,0.3,-14.53,157.97,2,17,0,13,95,0,152,0
RC10-16,forcens_lgm,9,33.083,158,83,50,0,0,259,0,22,1
RC10-62,forcens_lgm,51,3.333,-101.717,13,10,0,3,175,0,29,0
RC10-97,forcens_lgm,44,0.917,-134.317,228,23,0,0,496,0,31,17
RC11-021,forcens_lgm,30,-17.252,-35.967,9,3,0,11,66,0,288,0
RC11-026,forcens_lgm,30,-28.583,-30.051,71,15,0,14,62,0,241,0
RC11-086,forcens_lgm,45,-35.78,18.45,224,34,0,2,103,0,40,0
RC11-120,forcens_lgm,0.74,-43.51666667,79.86666667,210,81,0,0,8,0,1,0
RC11-121,forcens_lgm,0.4,-39.71666667,82.25,94,124,0,0,44,0,39,0
RC11-126,forcens_lgm,0.2,-30.06666667,94.41666667,73,86,0,8,64,0,68,0
RC11-134,forcens_lgm,0.1,-33.06666667,110.55,47,88,0,3,106,1,57,0
RC11-145,forcens_lgm,0.29,-25.48333333,110.0166667,10,6,0,1,234,0,84,0
RC11-147,forcens_lgm,0.6,-19.05833333,112.75,27,14,0,35,119,0,106,0
RC11-210,forcens_lgm,40,1.817,-140.05,108,10,0,4,135,0,19,4
RC11-213,forcens_lgm,15,-6.133,-140.85,38,60,0,45,289,1,199,51
RC11-22,forcens_lgm,30,-14.817,-139.967,22,17,0,94,290,2,553,15
RC11-23,forcens_lgm,45,-8.8,-110.8,110,52,0,4,342,3,171,22
RC12-10,forcens_lgm,40,-26,169.2,142,106,0,10,341,0,640,0
RC12-109,forcens_lgm,0.4,-25.88333333,157.8666667,18,34,0,8,150,0,235,0
RC12-113 (A),forcens_lgm,0.5,-24.88,163.52,24,19,0,16,69,0,201,0
RC12-234,forcens_lgm,70,-55.135,-63.985,339,35,0,0,5,0,0,0
RC12-241,forcens_lgm,70,-43.467,-57.651,130,113,0,0,89,0,0,0
RC12-291,forcens_lgm,80,-42.584,-17.8,165,74,0,0,73,0,2,0
RC12-339,forcens_lgm,0.7,9.133333333,90.03333333,9,34,0,9,175,0,71,0
RC12-36,forcens_lgm,20,15.1,124.133,8,38,0,32,71,0,491,0
RC13-038,forcens_lgm,0.4,-14.51666667,177.1,10,19,0,20,169,0,305,0
RC13-11,forcens_lgm,50,-1.65,-103.633,286,31,0,1,242,0,24,2
RC13-151,forcens_lgm,60,15.851,-74.784,22,6,0,8,89,0,219,0
RC13-152,forcens_lgm,60,16.701,-75.435,9,3,0,6,46,0,235,0
RC13-158,forcens_lgm,80,13.169,-79.818,14,5,0,18,65,0,202,0
RC13-159,forcens_lgm,83,14.685,-77.167,19,5,0,15,97,0,261,0
RC13-17,forcens_lgm,30,19.083,-170.067,52,9,0,40,71,0,73,1
RC13-184,forcens_lgm,55,3.867,-43.3,45,1,0,0,52,0,275,0
RC13-189,forcens_lgm,67.5,1.867,-30,93,11,0,4,101,0,127,0
RC13-197,forcens_lgm,110,4.517,-0.718,130,51,0,7,65,0,187,0
RC13-205,forcens_lgm,50,-2.284,5.183,102,10,0,8,111,0,106,0
RC13-210,forcens_lgm,40,-9.135,-10.601,73,12,0,3,112,0,171,0
RC13-227,forcens_lgm,40,-21.869,8.868,235,49,0,0,62,0,20,0
RC13-81,forcens_lgm,10,-19.017,-124.233,105,46,0,53,649,3,1228,38
RC13110,forcens_lgm,54,0.1,-95.65,36,33,0,0,249,0,16,0
RC13115,forcens_lgm,61,-1.633,-104.833,28,26,0,0,287,0,28,2
RC14-007,forcens_lgm,0.25,-35.51666667,44.75,85,50,0,0,123,0,44,0
RC14-009,forcens_lgm,0.7,-39.01666667,47.88333333,146,103,0,1,44,0,7,0
RC14-029,forcens_lgm,0.2,-10.92333333,88.315,15,9,0,20,125,0,130,3
RC14-035,forcens_lgm,0.4,-0.833333333,89.95,13,21,0,6,126,0,120,14
RC14-037,forcens_lgm,0.4,1.466666667,90.16666667,8,20,0,14,126,1,122,10
RC14-039,forcens_lgm,70,5.85,90.517,21,52,0,9,248,0,140,14
RC15-093,forcens_lgm,102,-46.086,-13.218,181,111,0,0,25,0,0,0
RC15-094,forcens_lgm,120,-42.969,-20.851,309,26,0,0,115,0,0,0
RC17-069,forcens_lgm,0.6,-31.5,32.6,24,33,0,6,161,0,78,0
RC17-073,forcens_lgm,0.3,-32.11666667,36.01666667,34,45,0,11,130,0,81,0
RC17-098,forcens_lgm,0.53,-13.21666667,65.61666667,32,10,0,10,114,0,133,1
RC17-108,forcens_lgm,0.4,-10.508,57.72,19,51,0,47,80,0,107,0
RC17-113,forcens_lgm,0.3,15.033,66.097,15,17,0,3,155,0,111,0
RC24-001,forcens_lgm,72,0.567,-13.35,98,16,0,2,195,0,84,0
RC24-008,forcens_lgm,120,-1.35,-11.917,106,33,0,0,202,0,29,0
RC24-027,forcens_lgm,72,-5.417,-0.367,36,10,0,1,125,0,162,0
RC8-94,forcens_lgm,16,-27.283,-102.083,238,69,0,145,329,0,1128,16
RC9-124,forcens_lgm,40,-28.75,172.6,260,139,0,11,251,0,444,1
RC9-126,forcens_lgm,30,-33.233,168.733,355,253,0,4,412,0,257,0
RC9-178,forcens_lgm,,33.733,27.917,394,189,0,0,72,0,238,0
RC9191,forcens_lgm,,38.2,18.033,1025,505,0,4,250,0,3,0
RE05-034,forcens_lgm,40,42.383,-21.967,206,134,0,0,88,0,23,0
RE05-036,forcens_lgm,70,46.917,-18.583,332,6,0,0,1,0,0,0
RE05-054,forcens_lgm,10,25.868,-19.051,171,70,0,3,83,2,39,0
RE05-057,forcens_lgm,100,19.652,-19.1,139,185,0,5,84,0,30,0
RE10-002,forcens_lgm,60,56.984,-12.467,339,19,0,0,0,0,0,0
RR9702A-63TC,forcens_lgm,16,-18.085,-79.04,86,98,0,1,274,0,29,2
RR9702A-69TC,forcens_lgm,70,-16.007,-76.378,104,160,0,0,127,0,24,0
RR9702A-69TC,forcens_lgm,80,-16.007,-76.378,154,43,0,0,144,0,15,0
RS067-GC10,forcens_lgm,0.505,-38.86166667,140.1,112,159,0,0,45,0,1,0
RS096-GC21,forcens_lgm,0.29,-23.77216667,108.5006667,14,10,0,7,127,0,85,0
RS147-GC07,forcens_lgm,0.85,-45.15,146.2833333,169,113,0,0,65,0,1,0
RS147-GC07,forcens_lgm,0.87,-45.15,146.2833333,211,132,0,0,73,0,3,0
RS147-GC07,forcens_lgm,0.88,-45.15,146.2833333,104,120,0,0,50,0,5,0
RS147-GC07,forcens_lgm,0.91,-45.15,146.2833333,149,149,0,0,50,0,0,0
RS147-GC07,forcens_lgm,0.935,-45.15,146.2833333,193,269,0,0,94,0,13,0
RS147-GC07,forcens_lgm,0.985,-45.15,146.2833333,212,311,0,0,85,0,14,0
RS147-GC14,forcens_lgm,0.25,-46.45,145.24,147,118,0,0,45,0,5,0
RS147-GC31,forcens_lgm,0.69,-44.53,149.05,102,163,0,0,50,0,0,0
S794,forcens_lgm,1.39,-35.31,177.9966667,182,74,0,1,122,0,18,0
SHI9006,forcens_lgm,5.99,-4.33223,117.59584,13,53,0,14,216,0,159,0
SHI9016,forcens_lgm,0.52,-8.455833333,128.238,31,24,0,29,198,0,179,13
SHI9022,forcens_lgm,5.79,-11.35444,122.03799,37,14,0,21,154,0,126,0
SHI9034,forcens_lgm,8.3,-9.09764,111.00721,115,61,0,12,187,0,45,0
SO189-119KL,forcens_lgm,,3.5178,96.3145,69,33,0,34,188,1,293,9
SO189-144KL,forcens_lgm,,1.155,98.066,56,23,0,25,154,0,163,3
SO189-39KL,forcens_lgm,,-0.79,99.9085,89,29,0,40,272,0,226,8
SO201-2-77KL,forcens_lgm,2.54,56.3305,170.7,464,152,2,0,0,0,1,0
SO201-2-77KL,forcens_lgm,2.74,56.3305,170.7,324,107,0,0,0,0,0,0
SO201-2-85KL,forcens_lgm,1.35,57.505,170.413167,373,111,0,0,0,0,0,0
SO36-07,forcens_lgm,0.73,-42.25,144.75,162,128,0,0,63,0,19,0
SO36-21,forcens_lgm,0.2,-43.8,145.5,75,144,0,0,75,0,5,0
SO36-39,forcens_lgm,0.3,-45.87,145.99,119,119,0,0,55,0,0,0
SO36-47,forcens_lgm,0.5,-46.87,145.98,115,130,0,0,60,0,0,0
SP08-004,forcens_lgm,30,32.818,-18.518,138,152,0,0,182,3,157,0
SU8107,forcens_lgm,,35.57,-3.48,1867,718,0,1,151,0,12,0
SU92-03,forcens_lgm,,43.196,10.113,1186,804,1,27,629,0,174,0
T87/2/20G,forcens_lgm,,34.97,23.75,245,99,0,1,74,0,199,0
T89-40,forcens_lgm,,-21.6,6.783333333,101,80,0,3,91,0,37,1
U938,forcens_lgm,1.3,-45.075,179.4983333,182,45,0,0,100,0,0,0
V  28294,forcens_lgm,4,28.433,139.967,519,280,0,34,489,0,886,1
V  28304,forcens_lgm,45,28.533,134.133,235,179,0,5,350,0,425,2
V  32139,forcens_lgm,1,31.567,151.1,70,31,0,0,260,0,41,2
V 19-53,forcens_lgm,45,-17.017,-113.517,191,3,0,5,237,0,67,65
V 19-55,forcens_lgm,23,-17,-114.183,67,72,1,58,784,5,609,87
V 19-64,forcens_lgm,15,-16.933,-121.2,16,25,0,35,367,1,427,20
V 19-65,forcens_lgm,15,-16.65,-124.383,83,21,0,22,595,5,716,51
V 19-96,forcens_lgm,15,0.867,172,26,33,0,1,168,0,80,2
V 20-11,forcens_lgm,20,47.95,168.783,387,40,0,0,0,0,1,0
V 21-14,forcens_lgm,70,37.683,163.033,96,29,0,0,275,0,3,0
V 21-30,forcens_lgm,250,-1.217,-89.683,277,713,0,7,500,0,51,0
V 21-33,forcens_lgm,45,-3.8,-92.083,130,74,0,0,391,0,6,0
V 28-23,forcens_lgm,20,-5.5,166.75,14,71,0,24,318,0,472,1
V 28-24,forcens_lgm,20,11.067,138.533,11,104,0,64,214,0,1261,1
V 32126,forcens_lgm,25,35.317,177.9,228,193,0,0,213,0,24,3
V04-008,forcens_lgm,50,37.218,-33.134,191,154,0,15,165,0,106,1
V04-032,forcens_lgm,30,35.05,-11.617,134,68,0,8,93,1,117,0
V10-49,forcens_lgm,,36.083,26.833,227,36,0,1,82,0,2,0
V10-51,forcens_lgm,,35.917,27.3,535,148,0,1,126,0,6,0
V14-077,forcens_lgm,0.29,-29.64166667,32.85833333,27,9,0,9,153,0,104,0
V14-081,forcens_lgm,0.35,-28.425,43.78333333,33,28,0,25,115,1,98,0
V14-101,forcens_lgm,0.7,8.65,58.56666667,51,28,0,7,148,0,68,0
V14-102,forcens_lgm,0.4,10.25,57.18333333,69,30,0,6,149,0,46,0
V15-157,forcens_lgm,50,-33.167,-49.783,99,33,0,3,163,0,145,0
V15-168,forcens_lgm,142,0.2,-39.9,60,4,0,4,93,2,153,0
V15-168,forcens_lgm,160,0.2,-39.9,62,3,0,2,133,0,225,0
V15-168,forcens_lgm,163,0.2,-39.9,20,2,0,3,77,0,78,0
V16-025,forcens_lgm,53,5.067,-36.8,27,2,0,7,49,1,232,0
V16-025,forcens_lgm,55,5.067,-36.8,18,7,0,4,57,0,270,2
V16-036,forcens_lgm,42,-19.368,-11.435,67,11,0,38,114,0,264,0
V16-089,forcens_lgm,0.4,-33.01666667,85.78333333,91,94,0,1,92,1,20,0
V17-039,forcens_lgm,100,11.75,-80.433,17,3,0,12,55,0,246,0
V17-165,forcens_lgm,50,32.75,-41.9,62,15,0,1,110,0,150,0
V18-110,forcens_lgm,30,-53.917,-44.7,287,3,0,0,3,0,0,0
V18-191,forcens_lgm,0.3,-32.433,46.567,79,45,0,5,119,1,53,0
V18-207,forcens_lgm,0.4,-25.63333333,87.11666667,29,8,0,18,66,1,180,0
V18-312,forcens_lgm,25,-2.85,-126.2,76,11,0,2,164,0,20,3
V18-318,forcens_lgm,15,3.167,-118.467,51,3,0,0,225,0,19,2
V19-019,forcens_lgm,80,13.233,-78.367,10,3,2,10,37,0,226,0
V19-021,forcens_lgm,60,11.8,-79.35,9,3,0,13,54,0,197,0
V19-178,forcens_lgm,0.8,8.116666667,73.25,11,21,0,22,130,0,107,9
V19-185,forcens_lgm,0.3,6.7,59.33333333,47,36,0,8,121,0,85,4
V19-188,forcens_lgm,0.6,6.866666667,60.66666667,54,31,0,2,126,0,81,4
V19-201,forcens_lgm,0.7,-5.333333333,40.43333333,30,18,0,17,130,2,106,0
V19-202,forcens_lgm,0.4,-6.983333333,41.18333333,27,19,0,6,121,0,127,1
V19-204,forcens_lgm,0.3,-10.23333333,43.81666667,31,21,0,2,127,0,122,0
V19-240,forcens_lgm,60,-30.583,13.283,228,54,0,1,49,0,45,0
V19-248,forcens_lgm,27,-24.567,4.833,122,52,0,18,144,0,70,1
V19-281,forcens_lgm,50,-3.317,4.65,55,42,0,0,128,0,120,0
V19-283,forcens_lgm,79,-1.283,5.533,120,20,0,5,149,0,185,0
V19-29,forcens_lgm,120,-3.583,-83.933,535,708,0,2,1108,0,37,0
V19-291,forcens_lgm,80,2,-5.25,89,23,0,1,95,0,216,0
V19-309,forcens_lgm,31,31.167,-45.133,48,33,0,2,150,3,138,0
V20-170,forcens_lgm,0.3,-21.8,69.23333333,26,6,0,22,64,0,184,0
V20-175,forcens_lgm,0.3,-22.3,68,24,13,0,23,60,1,180,0
V20-212,forcens_lgm,20,-28.217,-10.033,75,10,0,21,97,0,145,1
V20-227,forcens_lgm,80,-4.233,-34.633,48,2,0,1,99,0,194,0
V20-228,forcens_lgm,61,-2.483,-36.417,15,1,0,8,80,0,354,0
V20-241,forcens_lgm,30,22.133,-41.5,29,4,0,37,45,1,267,0
V20-242,forcens_lgm,29,23.367,-43.65,15,3,0,33,60,0,266,0
V22-026,forcens_lgm,40,8.717,-41.25,49,10,0,2,72,0,270,0
V22-038,forcens_lgm,37.5,-9.55,-34.25,15,3,0,0,21,0,318,0
V22-038,forcens_lgm,40,-9.55,-34.25,12,0,0,6,35,0,394,0
V22-168,forcens_lgm,31,-17.467,-5.183,115,10,0,0,161,0,92,3
V22-171,forcens_lgm,20,-13.1,-9.333,94,23,0,19,166,0,360,1
V22-172,forcens_lgm,20,-12.667,-9.817,103,19,0,19,178,1,372,1
V22-177,forcens_lgm,63,-7.75,-14.601,72,23,0,11,137,0,129,0
V22-177,forcens_lgm,70,-7.75,-14.601,87,11,0,10,136,0,192,0
V22-182,forcens_lgm,71,-0.535,-17.267,174,28,0,1,205,0,97,0
V22-182,forcens_lgm,72,-0.535,-17.267,101,22,0,1,151,0,65,0
V22-186,forcens_lgm,30,3.383,-20.117,122,7,0,2,247,0,240,0
V22-188,forcens_lgm,30,4.667,-20.917,80,26,0,39,177,0,375,0
V22-196,forcens_lgm,70,13.833,-18.951,83,58,0,3,174,0,76,0
V22-222,forcens_lgm,58,28.933,-43.65,47,9,0,35,82,0,283,0
V23-042,forcens_lgm,70,62.183,-27.933,253,13,0,0,2,0,1,0
V23-082,forcens_lgm,110,52.584,-21.933,531,7,0,0,1,0,0,0
V23-083,forcens_lgm,99,49.868,-24.25,440,5,0,0,0,0,0,0
V23-084,forcens_lgm,81,46.001,-16.917,243,30,0,0,17,0,1,0
V23-091,forcens_lgm,30,29.583,-28.567,72,23,0,12,95,0,162,0
V23-098,forcens_lgm,70,23.117,-19.3,164,90,0,0,29,1,21,0
V23-110,forcens_lgm,26,17.633,-45.867,11,0,0,12,61,0,285,0
V24-001,forcens_lgm,265,36.5,-73.5,127,45,0,2,86,0,36,0
V24-028,forcens_lgm,60,15.317,-77.95,16,2,0,11,68,0,255,0
V24-157,forcens_lgm,0.3,-14.95,147.92,5,14,0,8,112,0,272,0
V24-161,forcens_lgm,0.5,-18.2,151.45,11,15,0,11,63,0,187,1
V24-170,forcens_lgm,0.4,-13.52,146.88,16,12,0,6,96,0,273,0
V24-184,forcens_lgm,0.3,-12.87,146.2,14,3,0,3,101,0,218,0
V24-221,forcens_lgm,30,-32.033,-2.817,107,34,0,0,97,0,120,1
V24-229,forcens_lgm,30,-34.45,-10.6,136,65,0,0,62,0,66,0
V24-235,forcens_lgm,10,-33.25,-19.55,114,20,0,3,65,0,148,0
V24-237,forcens_lgm,10,-32.2,-26.733,192,2,0,1,53,0,88,0
V24-240,forcens_lgm,20,-31.733,-28.2,222,9,0,0,55,0,82,0
V25-042,forcens_lgm,60,12.55,-50.65,32,6,0,0,287,0,144,0
V25-044,forcens_lgm,30,11.501,-45.151,17,8,0,13,76,0,198,0
V25-060,forcens_lgm,40,3.283,-34.833,36,5,0,9,63,0,198,0
V25-060,forcens_lgm,47.5,3.283,-34.833,46,7,0,4,79,0,205,0
V25-075,forcens_lgm,120,8.583,-53.167,26,32,0,3,51,0,345,0
V26-041,forcens_lgm,42,19.319,-26.102,122,23,0,10,89,0,169,1
V26-041,forcens_lgm,43,19.319,-26.102,96,17,0,2,76,0,125,0
V26-046,forcens_lgm,45,9.552,-18.169,153,23,0,11,224,0,250,0
V26-053,forcens_lgm,50,0.3,-14.8,70,4,0,0,340,0,39,0
V26-063,forcens_lgm,30,-23.952,-37.951,22,13,0,15,106,0,247,0
V26-082,forcens_lgm,20,-27.751,-40.385,46,11,0,17,95,0,231,0
V26-104,forcens_lgm,150,-0.083,-41.783,57,2,0,14,148,3,298,0
V26-104,forcens_lgm,155,-0.083,-41.783,33,0,0,3,75,2,214,0
V26-107,forcens_lgm,100,4.683,-46.867,45,2,0,22,108,0,228,0
V27-017,forcens_lgm,35,50.085,-37.3,332,0,0,0,1,0,0,0
V27-019,forcens_lgm,35,52.085,-38.8,297,16,0,0,9,0,0,0
V27-020,forcens_lgm,80,54,-46.2,318,26,0,0,19,0,0,0
V27-110,forcens_lgm,47,56.885,-18.485,364,31,0,0,17,0,0,0
V27-116,forcens_lgm,60,52.834,-30.334,350,17,0,0,7,0,0,0
V27-137,forcens_lgm,40,42.685,-17.067,305,43,0,0,34,0,7,0
V27-175,forcens_lgm,50,8.801,-22.103,53,0,0,0,131,0,122,0
V27-178,forcens_lgm,55,5.1,-26.65,46,17,0,1,110,0,253,0
V27-178,forcens_lgm,58,5.1,-26.65,29,7,0,0,61,0,218,0
V27-228,forcens_lgm,90,-10.068,11.435,123,7,0,2,60,0,180,0
V27-232,forcens_lgm,60,-0.219,7.535,42,21,0,1,68,0,180,0
V27-239,forcens_lgm,20,-7.819,-1.502,90,21,0,1,187,0,67,0
V27-248,forcens_lgm,82,3.05,-11.803,48,0,0,3,51,0,81,0
V27-263,forcens_lgm,20,35.017,-40.917,90,48,0,1,108,0,100,2
V28-089,forcens_lgm,72,44.533,-32.583,412,50,0,0,21,0,10,0
V28-119,forcens_lgm,80,17.033,-76.6,25,3,0,17,67,0,259,0
V28-122,forcens_lgm,100,11.933,-78.683,14,4,0,15,35,0,226,0
V28-129,forcens_lgm,80,11.117,-80.4,19,1,0,15,61,0,211,0
V28-201,forcens_lgm,20,2.767,-173.933,3,125,0,63,298,1,305,8
V28-203,forcens_lgm,40,0.95,-179.417,39,95,0,25,402,0,426,23
V28-238,forcens_lgm,0.39,1.016666667,160.4833333,38,6,0,13,472,0,502,19
V28-239,forcens_lgm,0.52,3.25,159.1833333,43,1,0,3,340,1,204,10
V28-310,forcens_lgm,40,25.417,125.633,11,78,0,105,433,0,250,0
V28-342 (W),forcens_lgm,0.89,-14.1,120.5,30,0,0,8,102,0,130,0
V29-029,forcens_lgm,0.8,5.116666667,77.58333333,11,47,0,9,180,0,53,1
V29-030,forcens_lgm,0.8,3.083333333,76.25,23,20,0,5,191,0,60,3
V29-045,forcens_lgm,0.4,-6,69.817,29,22,0,10,137,1,103,1
V29-048,forcens_lgm,0.2,-6.266666667,63.43333333,28,12,0,5,126,0,128,1
V29-064,forcens_lgm,0.3,-27.283,74.867,54,21,0,7,49,0,171,0
V29-144,forcens_lgm,85,-0.2,6.05,76,19,0,9,171,0,105,0
V29-172,forcens_lgm,40,33.7,-29.383,87,3,0,9,92,0,53,0
V29-173,forcens_lgm,25,33.7,-29.383,78,17,0,4,100,3,109,0
V29-174,forcens_lgm,40,36.286,-29.352,111,51,0,0,127,0,122,0
V29-177,forcens_lgm,42,41.534,-25.701,183,161,0,1,139,0,20,0
V29-178,forcens_lgm,49,42.836,-25.15,186,131,0,0,65,0,6,0
V29-180,forcens_lgm,58,45.301,-23.868,344,147,0,0,41,0,7,0
V30-036,forcens_lgm,40,5.35,-27.317,56,19,0,3,119,0,606,0
V30-041K,forcens_lgm,44.5,0.217,-23.067,147,31,0,12,111,4,47,6
V30-051K,forcens_lgm,54,19.867,-19.917,111,75,0,1,79,0,26,0
V30-096,forcens_lgm,63,39.933,-33.133,112,106,0,0,108,0,26,0
V30-099,forcens_lgm,32,43.15,-32.45,213,226,0,0,122,0,26,0
V30-100,forcens_lgm,65,44.1,-32.5,205,131,0,0,47,0,5,0
V32-008,forcens_lgm,76,34.783,-32.417,96,33,0,4,156,1,113,0
V32-128,forcens_lgm,32,36.467,177.167,522,191,0,0,260,0,17,7
V33-065,forcens_lgm,0.4,-22.73333333,112.5833333,16,6,0,10,187,0,79,0
VNTRO1-8,forcens_lgm,41,0.033,-110.483,112,25,0,1,314,0,33,2
Y69-106p,forcens_lgm,30,2.983,-86.55,34,39,0,6,176,1,30,5
Y69-71P,forcens_lgm,180,0.1,-86.483,27,67,0,1,216,0,19,0
Y71-3-2,forcens_lgm,20,7.167,-85.15,4,35,0,0,228,0,43,0
Y71-6-12,forcens_lgm,46,-16.443,-77.563,82,111,0,3,182,0,25,3
Y71-6-12,forcens_lgm,49,-16.443,-77.563,199,106,0,0,343,0,20,3
Y71-6-12,forcens_lgm,50,-16.443,-77.563,199,106,0,0,298,0,20,3
Y71-6-12,forcens_lgm,56,-16.443,-77.563,66,45,0,3,192,0,20,2
Z2108,forcens_lgm,0.75,-33.3765,161.6125,75,153,3,2,174,0,64,1
Z2112,forcens_lgm,0.935,-33.53,166.53,227,69,0,3,154,1,62,0
y71-9-101,forcens_lgm,63,-6.383,-106.933,10,16,0,0,233,0,45,0
80KB11,margo,0.89,36.5,24.3,145,89,0,0,31,0,2,0
A015558,margo,0.58,8.983333333,51.73333333,27,41,0,13,130,0,24,0
BC15,margo,0.7725,41.95,5.93,28,146,0,0,32,0,0,0
BC15,margo,0.9475,41.95,5.93,33,130,0,0,10,0,2,0
BC15,margo,1.0925,41.95,5.93,41,185,0,0,32,0,2,0
BS79-22,margo,2.85,38.231,14.23,95,45,0,3,59,0,28,0
BS79-22,margo,2.88,38.231,14.23,135,97,0,2,104,0,41,0
BS79-22,margo,2.91,38.231,14.23,197,146,0,1,119,0,88,0
BS79-22,margo,2.94,38.231,14.23,81,57,0,0,41,0,37,0
BS79-22,margo,2.97,38.231,14.23,73,61,0,0,55,0,47,0
BS79-22,margo,3,38.231,14.23,96,68,0,0,59,0,51,0
BS79-22,margo,3.03,38.231,14.23,170,116,0,0,103,0,72,0
BS79-22,margo,3.06,38.231,14.23,62,47,0,0,39,0,36,0
BS79-22,margo,3.09,38.231,14.23,98,65,0,0,62,0,64,0
BS79-22,margo,3.12,38.231,14.23,137,70,0,0,91,0,77,0
BS79-22,margo,3.15,38.231,14.23,124,96,0,0,82,0,101,0
BS79-22,margo,3.18,38.231,14.23,139,112,0,2,113,0,62,0
BS79-22,margo,3.21,38.231,14.23,74,58,0,0,67,0,38,0
BS79-22,margo,3.24,38.231,14.23,72,55,0,0,57,0,27,0
BS79-22,margo,3.27,38.231,14.23,105,62,0,1,79,0,55,0
BS79-22,margo,3.3,38.231,14.23,84,80,0,0,93,0,62,0
BS79-22,margo,3.33,38.231,14.23,88,84,0,1,104,0,64,0
BS79-22,margo,3.36,38.231,14.23,61,42,0,0,52,0,50,0
BS79-22,margo,3.39,38.231,14.23,95,64,0,0,73,0,63,0
BS79-22,margo,3.42,38.231,14.23,66,52,0,0,42,0,46,0
BS79-22,margo,3.45,38.231,14.23,92,40,0,3,54,0,37,0
BS79-33,margo,3.25,38.157,14.018,138,89,0,0,82,0,54,0
BS79-33,margo,3.3,38.157,14.018,122,107,0,0,71,0,37,0
BS79-33,margo,3.35,38.157,14.018,111,105,0,0,49,0,67,0
BS79-33,margo,3.4,38.157,14.018,125,101,0,0,51,0,43,0
BS79-33,margo,3.45,38.157,14.018,107,109,0,0,43,0,53,0
BS79-33,margo,3.5,38.157,14.018,104,96,0,0,50,0,93,0
BS79-33,margo,3.55,38.157,14.018,104,120,0,0,65,0,55,0
BS79-33,margo,3.6,38.157,14.018,120,88,0,0,74,0,81,0
BS79-33,margo,3.65,38.157,14.018,108,99,0,0,63,0,67,0
BS79-33,margo,3.7,38.157,14.018,114,99,0,0,54,0,75,0
BS79-33,margo,3.75,38.157,14.018,118,91,0,0,77,0,57,0
BS79-33,margo,3.8,38.157,14.018,97,81,0,0,65,0,58,0
BS79-33,margo,3.85,38.157,14.018,93,111,0,0,90,0,45,0
BS79-37,margo,2.4,38.215,13.269,186,168,0,2,72,0,43,0
BS79-37,margo,2.44,38.215,13.269,119,114,0,0,127,0,43,0
BS79-37,margo,2.48,38.215,13.269,122,126,0,0,133,0,27,0
BS79-38,margo,3.975,38.247,13.346,43,90,0,0,79,0,28,0
BS79-38,margo,4.025,38.247,13.346,53,83,0,1,72,0,24,0
BS79-38,margo,4.05,38.247,13.346,65,102,0,0,95,0,23,0
BS79-38,margo,4.075,38.247,13.346,50,73,0,0,75,0,20,0
BS79-38,margo,4.125,38.247,13.346,55,75,0,0,79,0,28,0
BS79-38,margo,4.175,38.247,13.346,40,82,0,2,100,0,15,0
BS79-38,margo,4.2,38.247,13.346,15,26,0,0,14,0,16,0
BS79-38,margo,4.225,38.247,13.346,30,142,0,1,102,0,59,0
BS79-38,margo,4.275,38.247,13.346,39,92,0,0,87,0,29,0
BS79-38,margo,4.325,38.247,13.346,44,111,0,0,91,0,31,0
BS79-38,margo,4.35,38.247,13.346,45,116,0,0,105,0,36,0
BS79-38,margo,4.375,38.247,13.346,44,100,0,0,85,0,45,0
BS79-38,margo,4.4,38.247,13.346,137,78,0,0,43,0,43,0
BS79-38,margo,4.425,38.247,13.346,48,69,0,0,37,0,33,0
BS79-38,margo,4.45,38.247,13.346,143,124,0,1,60,0,51,0
BS79-38,margo,4.475,38.247,13.346,70,100,0,1,59,0,38,0
BS79-38,margo,4.525,38.247,13.346,60,108,0,0,59,0,30,0
BS79-38,margo,4.55,38.247,13.346,104,191,0,0,93,0,35,0
BS79-38,margo,4.575,38.247,13.346,49,95,0,0,62,0,28,0
BS79-38,margo,4.6,38.247,13.346,160,148,0,0,86,0,46,0
BS79-38,margo,4.625,38.247,13.346,46,119,0,2,67,0,33,0
BS79-38,margo,4.65,38.247,13.346,63,155,0,0,82,0,25,0
BS79-38,margo,4.675,38.247,13.346,45,130,0,0,68,0,25,0
BS79-38,margo,4.7,38.247,13.346,47,100,0,0,70,0,52,0
CHAT 1K,margo,40,-41.58333333,-171.5,13,54,0,0,126,,11,0
CHAT 1K,margo,50,-41.58333333,-171.5,18,85,0,0,121,,17,0
DED8707,margo,1.095,39.41,13.34,51,78,0,0,34,0,24,0
DED8707,margo,1.215,39.41,13.34,96,138,0,0,47,0,28,0
DGKS9603,margo,169,28.148,127.271,57,131,0,69,663,,263,0
DGKS9603,margo,171,28.148,127.271,55,140,0,67,654,,277,0
DGKS9603,margo,173,28.148,127.271,55,144,0,76,678,,262,0
DGKS9603,margo,175,28.148,127.271,60,471,0,318,945,,348,0
DGKS9603,margo,177,28.148,127.271,64,476,0,332,972,,337,0
DGKS9603,margo,180,28.148,127.271,62,455,0,303,999,,319,0
DGKS9603,margo,182,28.148,127.271,56,382,0,260,963,,296,0
DGKS9603,margo,184,28.148,127.271,60,377,0,253,951,,304,0
DGKS9603,margo,186,28.148,127.271,58,370,0,262,960,,315,0
DGKS9603,margo,188,28.148,127.271,60,348,0,213,812,,318,0
DGKS9603,margo,191,28.148,127.271,66,341,0,227,790,,298,0
DGKS9603,margo,193,28.148,127.271,56,369,0,245,831,,301,0
DGKS9603,margo,195,28.148,127.271,66,372,0,252,834,,289,0
DGKS9603,margo,197,28.148,127.271,68,390,0,264,876,,304,0
DGKS9603,margo,199,28.148,127.271,57,292,0,208,747,,249,0
DGKS9603,margo,201,28.148,127.271,54,309,0,216,764,,274,0
DGKS9603,margo,204,28.148,127.271,45,261,0,182,625,,247,0
DGKS9603,margo,206,28.148,127.271,54,242,0,126,684,,266,0
DGKS9603,margo,208,28.148,127.271,60,257,0,135,670,,278,0
DGKS9603,margo,210,28.148,127.271,31,366,0,162,646,,384,0
DGKS9603,margo,212,28.148,127.271,36,360,0,98,655,,315,0
DGKS9603,margo,215,28.148,127.271,41,351,0,103,690,,289,0
DSDP site 594,margo,2.52,-45.5235,174.948,495,7,0,0,17,0,0,0
E26-001,margo,0.61,-40.28333333,168.34,60,142,0,0,69,0,3,0
E27-030,margo,0.6,-45.0667,147.2283,60,137,0,0,71,0,5,0
E45-027,margo,0.3,-43.23333333,105.5833333,64,170,0,0,49,0,0,0
E45-078,margo,0.31,-45.037,114.348,49,172,0,0,63,1,1,0
E45-102,margo,0.24,-33.61666667,113.5833333,23,37,0,4,198,0,38,0
E48-011,margo,0.22,-29.7,97.58333333,24,27,0,0,144,1,65,0
E48-035,margo,0.355,-30.35333333,86.485,74,50,0,0,96,0,90,0
E55-006,margo,0.4,-38.8533,141.0633,50,133,0,18,97,0,2,0
FR1/94-GC03,margo,0.3,-44.2606,149.9963889,54,201,0,0,53,0,4,0
GeoB1008-3,margo,2.18,-6.5823,10.3186,95,277,0,1,182,0,121,0
GeoB1008-3,margo,2.23,-6.5823,10.3186,91,99,0,0,210,0,82,4
GeoB1008-3,margo,2.28,-6.5823,10.3186,66,185,0,4,186,0,71,1
GeoB1008-3,margo,2.33,-6.5823,10.3186,115,96,0,0,185,0,84,5
GeoB1008-3,margo,2.38,-6.5823,10.3186,78,67,0,0,113,0,71,3
GeoB1008-3,margo,2.43,-6.5823,10.3186,86,107,0,0,63,0,127,10
GeoB1008-3,margo,2.48,-6.5823,10.3186,31,48,0,0,33,0,94,12
GeoB1008-3,margo,2.53,-6.5823,10.3186,140,245,0,6,85,0,137,8
GeoB1008-3,margo,2.58,-6.5823,10.3186,62,121,0,0,73,0,158,7
GeoB1008-3,margo,2.63,-6.5823,10.3186,113,247,0,4,138,0,108,8
GeoB1016-3,margo,0.73,-11.7705,11.6819,130,197,0,6,226,0,124,21
GeoB1016-3,margo,0.78,-11.7705,11.6819,43,36,0,7,164,0,101,7
GeoB1016-3,margo,0.88,-11.7705,11.6819,100,36,0,1,117,0,133,12
GeoB1028-5,margo,0.93,-20.104,9.1858,227,159,0,3,78,0,12,0
GeoB1028-5,margo,1.03,-20.104,9.1858,314,196,0,0,109,0,39,0
GeoB1031-4,margo,0.28,-21.88,7.1017,156,86,0,5,129,0,53,0
GeoB1031-4,margo,0.33,-21.88,7.1017,238,127,0,7,117,0,63,0
GeoB1032-3,margo,0.38,-22.915,6.0367,191,71,0,9,116,0,51,0
GeoB1032-3,margo,0.43,-22.915,6.0367,262,84,0,11,132,0,108,0
GeoB1034-3,margo,0.23,-21.735,5.4217,286,152,0,6,219,0,126,0
GeoB1041-3,margo,0.53,-3.475,-7.6,106,102,0,0,253,0,104,0
GeoB1041-3,margo,0.58,-3.475,-7.6,87,51,0,0,186,0,66,0
GeoB1101-5,margo,0.33,1.6583,-10.98,118,21,0,0,316,0,190,0
GeoB1101-5,margo,0.38,1.6583,-10.98,71,15,0,1,340,0,131,8
GeoB1105-4,margo,0.78,-1.665,-12.4283,105,95,0,17,193,0,94,0
GeoB1112-4,margo,0.48,-5.7783,-10.75,116,89,0,6,189,0,198,0
GeoB1112-4,margo,0.58,-5.7783,-10.75,109,84,0,1,192,0,213,0
GeoB1115-4,margo,0.63,-3.5583,-12.58,107,129,0,10,268,0,184,5
GeoB1115-4,margo,0.68,-3.5583,-12.58,56,128,0,2,258,0,179,1
GeoB1117-2,margo,0.53,-3.815,-14.8967,93,32,0,6,97,0,176,0
GeoB1117-2,margo,0.58,-3.815,-14.8967,57,45,0,10,122,0,81,0
GeoB1117-2,margo,0.63,-3.815,-14.8967,169,60,0,9,256,0,109,0
GeoB1214-1,margo,0.23,-24.69,7.24,256,135,0,20,166,0,82,4
GeoB1214-1,margo,0.28,-24.69,7.24,296,158,0,17,149,0,78,0
GeoB1220-1,margo,0.33,-24.0333,5.3067,172,61,0,6,64,3,59,0
GeoB1220-1,margo,0.38,-24.0333,5.3067,169,73,0,18,83,0,61,0
GeoB1306-1,margo,0.19,-35.2067,-26.765,483,103,0,0,106,0,41,3
GeoB1413-4,margo,0.19,-15.68,-9.455,106,67,0,25,180,0,254,0
GeoB1413-4,margo,0.23,-15.68,-9.455,96,52,0,20,123,0,192,0
GeoB1417-1,margo,0.33,-20.3667,-12.7067,117,134,0,57,126,0,269,5
GeoB1417-1,margo,0.38,-20.3667,-12.7067,84,127,0,47,162,3,299,3
GeoB1419-2,margo,0.23,-15.5367,-17.0683,36,91,0,49,99,0,351,2
GeoB1501-4,margo,0.33,-3.6783,-32.0067,112,9,0,0,93,0,333,5
GeoB1501-4,margo,0.38,-3.6783,-32.0067,106,14,0,0,107,2,457,3
GeoB1503-1,margo,0.28,2.3117,-30.6467,135,45,0,39,256,0,298,0
GeoB1503-1,margo,0.33,2.3117,-30.6467,148,62,0,40,213,0,291,0
GeoB1505-1,margo,0.48,2.27,-33.01,175,39,0,13,236,0,445,2
GeoB1505-1,margo,0.53,2.27,-33.01,144,22,0,2,174,0,382,0
GeoB1508-4,margo,0.28,5.3333,-34.025,54,3,0,11,100,0,414,0
GeoB1515-1,margo,0.48,4.2383,-43.6667,69,8,0,10,93,0,371,0
GeoB1701-4,margo,0.98,1.95,3.5517,70,21,0,7,314,2,235,7
GeoB1701-4,margo,1.03,1.95,3.5517,66,33,0,22,393,0,402,3
GeoB1701-4,margo,1.08,1.95,3.5517,54,34,0,14,321,0,303,6
GeoB1701-4,margo,1.13,1.95,3.5517,126,14,0,19,270,0,247,0
GeoB1701-4,margo,1.18,1.95,3.5517,103,19,0,4,158,1,136,0
GeoB1722-1,margo,0.23,-29.45,11.75,268,69,0,7,181,0,33,0
GeoB1722-1,margo,0.28,-29.45,11.75,398,67,0,4,99,0,44,0
GeoB1903-3,margo,0.48,-8.675,-11.845,68,30,0,28,222,2,284,2
GeoB1903-3,margo,0.53,-8.675,-11.845,162,43,0,18,246,2,327,9
GeoB1903-3,margo,0.58,-8.675,-11.845,227,54,0,74,265,2,513,0
GeoB1905-3,margo,0.38,-17.1433,-13.9867,78,79,0,78,208,2,389,0
GeoB1905-3,margo,0.43,-17.1433,-13.9867,82,43,0,153,145,4,645,0
GeoB2004-2,margo,0.68,-30.87,14.3433,523,109,0,2,135,4,55,0
GeoB2004-2,margo,0.73,-30.87,14.3433,441,99,0,5,99,0,45,0
GeoB2004-2,margo,0.78,-30.87,14.3433,718,122,0,11,105,2,37,0
GeoB2016-1,margo,0.18,-31.9,-1.33,239,229,0,8,126,0,87,6
GeoB2019-1,margo,0.33,-36.06,-8.7783,285,271,0,3,149,0,13,3
GeoB2021-5,margo,0.13,-36.8333,-14.4033,279,233,0,0,178,0,10,0
GeoB2109-1,margo,0.48,-27.9117,-45.8817,61,18,0,20,129,0,201,2
GeoB2109-1,margo,0.53,-27.9117,-45.8817,56,24,0,21,95,0,174,0
GeoB2109-1,margo,0.58,-27.9117,-45.8817,88,26,0,29,193,0,190,4
GeoB2109-1,margo,0.63,-27.9117,-45.8817,91,25,0,59,157,0,272,2
GeoB2116-4,margo,0.28,-25.5117,-35.9983,80,10,0,0,47,0,72,0
GeoB2117-1,margo,0.23,-23.0383,-36.6517,27,44,0,12,43,0,346,0
GeoB2125-1,margo,0.33,-20.8233,-39.8633,23,14,0,31,201,0,338,0
GeoB2125-1,margo,0.38,-20.8233,-39.8633,19,10,0,37,241,5,375,0
GeoB2202-4,margo,0.78,-8.1983,-34.265,34,7,0,23,128,0,622,0
GeoB2202-4,margo,0.83,-8.1983,-34.265,33,2,0,31,139,0,593,0
GeoB2202-4,margo,0.88,-8.1983,-34.265,29,9,0,50,158,0,548,0
GeoB2202-4,margo,0.93,-8.1983,-34.265,18,6,0,49,144,0,489,0
GeoB2215-10,margo,0.43,0.0067,-23.495,221,75,0,13,205,0,237,5
GeoB2215-10,margo,0.48,0.0067,-23.495,177,18,0,2,162,0,90,0
GeoB2819-1,margo,0.13,-30.8483,-38.3433,295,111,0,24,141,0,229,4
GeoB3104-1,margo,1.73,-3.6667,-37.7167,25,0,0,13,221,0,478,0
GeoB3104-1,margo,1.78,-3.6667,-37.7167,40,0,0,11,216,0,375,0
GeoB3104-1,margo,1.83,-3.6667,-37.7167,37,0,0,10,160,0,329,0
GeoB3104-1,margo,1.88,-3.6667,-37.7167,38,0,0,25,177,0,316,0
GeoB3104-1,margo,1.98,-3.6667,-37.7167,38,0,0,20,114,0,249,0
GeoB3117-1,margo,2.98,-4.295,-37.0917,44,0,0,31,180,0,373,0
GeoB3117-1,margo,3.03,-4.295,-37.0917,39,0,0,22,140,0,285,0
GeoB3117-1,margo,3.13,-4.295,-37.0917,34,0,0,48,125,0,269,0
GeoB3117-1,margo,3.23,-4.295,-37.0917,27,0,0,12,133,0,264,0
GeoB3117-1,margo,3.33,-4.295,-37.0917,20,4,0,9,96,0,238,0
GeoB3117-1,margo,3.43,-4.295,-37.0917,23,0,0,6,93,0,329,0
GeoB3117-1,margo,3.53,-4.295,-37.0917,17,2,0,11,106,0,401,0
GeoB3175-1,margo,1.68,-7.0533,-34.4633,33,12,0,12,49,0,398,0
GeoB3175-1,margo,1.73,-7.0533,-34.4633,23,14,0,18,41,0,325,0
GeoB3175-1,margo,1.78,-7.0533,-34.4633,18,23,0,13,37,0,315,0
GeoB3175-1,margo,1.83,-7.0533,-34.4633,36,7,0,17,57,0,417,0
GeoB3176-1,margo,3.43,-7.0117,-34.4417,21,4,0,15,81,0,316,0
GeoB3176-1,margo,3.48,-7.0117,-34.4417,30,13,0,23,107,0,389,0
GeoB3176-1,margo,3.53,-7.0117,-34.4417,30,22,0,27,70,0,417,0
GeoB3176-1,margo,3.58,-7.0117,-34.4417,12,7,0,10,75,0,418,0
GeoB3603-2,margo,0.33,-35.125,17.5433,285,72,0,0,71,0,16,0
GeoB3603-2,margo,0.38,-35.125,17.5433,242,70,0,0,82,0,16,0
GeoB3722-2,margo,0.83,-25.25,12.0217,631,30,0,0,55,0,1,0
GeoB3722-2,margo,0.88,-25.25,12.0217,868,93,0,0,98,0,17,0
GeoB3722-2,margo,0.93,-25.25,12.0217,964,26,0,0,65,0,5,0
GeoB3722-2,margo,0.98,-25.25,12.0217,785,47,0,0,45,0,3,0
GeoB3801-6,margo,0.18,-29.5117,-8.305,123,94,0,21,115,0,134,6
GeoB3808-6,margo,0.18,-30.8117,-14.7117,175,187,0,22,168,0,180,14
GeoB3813-3,margo,0.13,-32.2683,-21.9667,258,90,0,6,129,0,108,0
GeoB5112-5,margo,0.16,-23.825,-16.2583,67,50,0,75,162,0,294,0
GeoB5115-2,margo,0.14,-24.1433,-14.0433,80,73,0,79,180,0,401,0
GeoB5115-2,margo,0.15,-24.1433,-14.0433,84,58,0,82,142,0,360,0
GeoB5115-2,margo,0.16,-24.1433,-14.0433,56,50,0,45,158,0,275,0
GeoB5115-2,margo,0.17,-24.1433,-14.0433,64,45,0,63,176,0,321,0
GeoB5121-2,margo,0.16,-24.1833,-12.0217,82,55,0,88,155,0,268,5
GeoB5133-3,margo,0.18,-19.0867,-10.1917,109,91,0,60,179,0,367,8
GeoB5140-3,margo,0.1,-19.0517,-16.6133,68,49,0,161,127,3,252,8
GeoB5140-3,margo,0.11,-19.0517,-16.6133,68,49,0,175,158,5,335,7
GeoB5140-3,margo,0.12,-19.0517,-16.6133,64,47,0,111,90,6,260,7
KET8003,margo,1.91,38.49,14.3,218,139,0,2,61,0,2,0
KET8003,margo,1.95,38.49,14.3,159,154,0,2,50,0,2,0
KET8003,margo,2.01,38.49,14.3,238,245,0,0,146,0,7,0
KET8003,margo,2.05,38.49,14.3,164,172,0,4,116,0,3,0
KET8003,margo,2.11,38.49,14.3,172,145,0,0,124,0,7,0
KET8003,margo,2.15,38.49,14.3,112,124,0,1,71,0,3,0
KET8003,margo,2.21,38.49,14.3,181,192,0,0,112,0,4,0
KET8003,margo,2.25,38.49,14.3,230,225,0,0,88,0,5,0
KET8019,margo,2.71,40.33,13.21,145,102,0,3,92,0,85,0
KET8019,margo,2.81,40.33,13.21,76,83,0,1,43,0,56,0
KET8019,margo,2.98,40.33,13.21,209,91,0,0,68,0,78,0
KET8019,margo,3.01,40.33,13.21,177,72,0,0,45,0,35,0
KET8019,margo,3.14,40.33,13.21,105,163,0,0,50,0,31,0
KET8019,margo,3.21,40.33,13.21,279,106,0,0,78,0,5,0
KET8039,margo,2.7125,36.32,11.41,130,113,0,0,83,0,131,0
KET8039,margo,2.8125,36.32,11.41,91,141,0,1,45,0,68,0
KET8039,margo,2.9125,36.32,11.41,110,102,0,0,56,0,114,0
KET8039,margo,3.0125,36.32,11.41,73,145,0,0,36,0,77,0
KET8039,margo,3.1125,36.32,11.41,89,102,0,0,35,0,96,0
KET8039,margo,3.2125,36.32,11.41,149,129,0,1,52,0,146,0
KET8039,margo,3.3125,36.32,11.41,102,71,0,0,45,0,85,0
KET8039,margo,3.4125,36.32,11.41,149,137,0,1,81,0,121,0
KET8039,margo,3.5125,36.32,11.41,117,115,0,3,54,0,98,0
KET8039,margo,3.6125,36.32,11.41,120,105,0,1,42,0,101,0
KET8039,margo,3.7125,36.32,11.41,156,91,0,0,38,0,52,0
KET8039,margo,3.8125,36.32,11.41,228,116,0,3,54,0,80,0
KET8039,margo,3.9125,36.32,11.41,238,94,0,1,41,0,93,0
KET8039,margo,4.0125,36.32,11.41,192,100,0,0,53,0,75,0
KET8039,margo,4.1125,36.32,11.41,152,115,0,0,49,0,10,0
KET8216,margo,1.81,41.31,17.59,122,104,0,0,19,0,0,0
KET8216,margo,1.91,41.31,17.59,80,44,0,2,17,0,0,0
KET8216,margo,2.01,41.31,17.59,88,66,0,0,13,0,2,0
KET8216,margo,2.09,41.31,17.59,100,185,0,0,27,0,0,0
KL96,margo,0.455,32.77,19.19,69,17,0,3,1,0,181,0
KL96,margo,0.505,32.77,19.19,76,19,0,2,4,0,146,0
LC01,margo,0.682,40.26,6.887,122,270,0,0,43,0,39,0
LC01,margo,0.71,40.26,6.887,86,188,0,0,31,0,55,0
LC01,margo,0.757,40.26,6.887,90,170,0,1,40,0,44,0
LC01,margo,0.787,40.26,6.887,117,394,0,0,57,0,21,0
LC04,margo,0.832,38.65,6.11,66,110,0,0,32,0,24,0
LC04,margo,0.912,38.65,6.11,154,161,0,1,82,0,56,0
LC04,margo,0.997,38.65,6.11,116,108,0,4,52,0,57,0
LC07,margo,0.685,38.14,10.07,58,112,0,1,40,0,8,0
LC07,margo,0.805,38.14,10.07,30,75,0,0,30,0,8,0
LC07,margo,0.865,38.14,10.07,31,67,0,0,18,0,7,0
LC21,margo,275.5,35.66,26.58,74,23,0,2,31,0,37,0
LC21,margo,281.5,35.66,26.58,79,25,0,2,10,0,57,0
LC21,margo,289.5,35.66,26.58,115,31,0,4,91,0,55,0
LC21,margo,296,35.66,26.58,48,12,0,2,23,0,15,0
LC21,margo,303.5,35.66,26.58,65,35,0,2,34,0,44,0
LC21,margo,310.5,35.66,26.58,83,54,0,4,44,0,45,0
LC21,margo,317,35.66,26.58,102,14,0,2,18,0,40,0
LC21,margo,324.5,35.66,26.58,67,45,0,4,16,0,22,0
MD 95-2043,margo,8.3,36.143,-2.621,258,52,0,0,14,0,7,0
MD 95-2043,margo,8.4,36.143,-2.621,304,61,0,0,19,0,11,0
MD 95-2043,margo,8.5,36.143,-2.621,335,54,0,0,22,0,2,0
MD 95-2043,margo,8.6,36.143,-2.621,285,97,0,0,11,0,13,0
MD 95-2043,margo,8.7,36.143,-2.621,186,94,0,0,18,0,5,0
MD 95-2043,margo,8.8,36.143,-2.621,458,144,0,0,39,0,7,0
MD 95-2043,margo,8.9,36.143,-2.621,301,99,0,0,21,0,7,0
MD012416,margo,196.5,51.268,167.7255,307,70,0,0,2,,0,0
MD012416,margo,197.5,51.268,167.7255,338,78,0,0,2,,0,0
MD012416,margo,200.5,51.268,167.7255,267,52,0,0,2,,0,0
MD012416,margo,202.5,51.268,167.7255,327,60,0,0,1,,0,0
MD012416,margo,205.5,51.268,167.7255,309,41,0,0,0,,0,0
MD012416,margo,209.5,51.268,167.7255,270,55,0,0,2,,0,0
MD012416,margo,184.5,51.268,167.7255,255,50,0,0,0,,0,0
MD012416,margo,190.5,51.268,167.7255,307,54,0,0,0,,0,0
MD012416,margo,194.5,51.268,167.7255,326,64,0,0,2,,0,0
MD84-632,margo,1.58,32.47,34.23,249,19,0,9,35,0,621,0
MD84-632,margo,1.6,32.47,34.23,208,30,0,1,30,0,743,0
MD84-632,margo,1.62,32.47,34.23,192,18,0,3,30,0,806,0
MD84-632,margo,1.64,32.47,34.23,345,53,0,9,45,0,1228,0
MD84-632,margo,1.66,32.47,34.23,126,36,0,2,24,0,620,0
MD84-632,margo,1.68,32.47,34.23,246,35,0,5,35,0,684,0
MD84-632,margo,1.7,32.47,34.23,373,59,0,9,57,0,1160,0
MD84-632,margo,1.72,32.47,34.23,312,50,0,11,38,0,1053,0
MD84-632,margo,1.74,32.47,34.23,189,18,0,11,14,0,752,0
MD84-632,margo,1.76,32.47,34.23,150,14,0,11,18,0,545,0
MD84-632,margo,1.78,32.47,34.23,219,12,0,7,26,0,903,0
MD84-632,margo,1.8,32.47,34.23,239,9,0,9,34,0,805,0
MD84-632,margo,1.82,32.47,34.23,209,12,0,13,38,0,646,0
MD84-632,margo,1.84,32.47,34.23,219,16,0,15,37,0,493,0
MD84-632,margo,1.86,32.47,34.23,246,12,0,16,41,0,609,0
MD84-632,margo,1.88,32.47,34.23,219,10,0,8,35,0,613,0
MD84-632,margo,1.9,32.47,34.23,288,12,0,6,36,0,1022,0
MD84-632,margo,1.92,32.47,34.23,254,68,0,3,37,0,1026,0
MD84-632,margo,1.96,32.47,34.23,361,285,0,2,20,0,958,0
MD84627,margo,0.6,32.14,33.45,124,8,0,1,12,0,161,0
MD84627,margo,0.7,32.14,33.45,111,6,0,0,10,0,263,0
MD84627,margo,0.8,32.14,33.45,134,12,0,0,7,0,373,0
MD84629,margo,1.6,32.04,34.21,69,8,0,8,11,0,10,0
MD84629,margo,1.65,32.04,34.21,90,14,0,1,3,0,4,0
MD84629,margo,1.7,32.04,34.21,43,16,0,5,4,0,15,0
MD84629,margo,1.75,32.04,34.21,73,11,0,0,6,0,1,0
MD84629,margo,1.8,32.04,34.21,130,167,0,12,5,0,11,0
MD84629,margo,1.85,32.04,34.21,69,74,0,1,0,0,1,0
MD84629,margo,1.9,32.04,34.21,39,137,0,12,3,0,5,0
MD84629,margo,1.95,32.04,34.21,54,161,0,0,6,0,4,0
MD84629,margo,2,32.04,34.21,117,239,0,1,18,0,0,0
MD84641,margo,0.83,33.02,32.38,66,4,0,0,3,0,1,0
MD84641,margo,0.87,33.02,32.38,71,8,0,1,8,0,2,0
MD84641,margo,0.9,33.02,32.38,119,17,0,0,6,0,0,0
MD84641,margo,0.93,33.02,32.38,111,7,0,0,9,0,1,0
MD84641,margo,0.97,33.02,32.38,95,20,0,6,11,0,3,0
MD84641,margo,1,33.02,32.38,121,61,0,1,7,0,1,0
MD88-770,margo,1.12,-46.01666667,96.46666667,207,7,0,0,1,0,0,0
MD90-917,margo,5.45,41.298,17.613,281,74,0,1,42,0,21,0
MD90-917,margo,5.5,41.298,17.613,241,105,0,0,52,0,16,1
MD90-917,margo,5.55,41.298,17.613,186,152,0,0,18,0,32,0
MD90-917,margo,5.6,41.298,17.613,193,119,0,2,42,0,14,0
MD90-917,margo,5.65,41.298,17.613,170,89,0,1,44,0,14,0
MD90-917,margo,5.7,41.298,17.613,176,114,0,0,20,0,9,0
MD90-917,margo,5.75,41.298,17.613,234,180,0,0,32,0,44,0
MD90-917,margo,5.8,41.298,17.613,155,135,0,0,41,0,5,0
MD90-917,margo,5.85,41.298,17.613,132,116,0,0,61,0,13,0
MD90-917,margo,5.9,41.298,17.613,266,112,0,1,50,0,5,0
MD90-917,margo,5.95,41.298,17.613,243,146,0,0,43,0,18,0
MD90-917,margo,6,41.298,17.613,101,167,0,1,21,0,21,0
MD90-917,margo,6.05,41.298,17.613,100,188,0,1,36,0,19,0
MD90-917,margo,6.1,41.298,17.613,92,185,0,1,32,0,19,0
MD90-917,margo,6.15,41.298,17.613,95,175,0,0,25,0,14,0
MD90-917,margo,6.2,41.298,17.613,59,189,0,0,40,0,8,0
MD90-917,margo,6.25,41.298,17.613,53,193,0,0,33,0,22,0
MD90901,margo,4.2,39.947,1.591,136,209,0,0,41,0,43,0
MD90901,margo,4.3,39.947,1.591,75,147,0,0,25,0,42,0
MD90901,margo,4.4,39.947,1.591,94,200,0,0,26,0,62,0
MD90901,margo,4.5,39.947,1.591,74,159,0,0,18,0,44,0
MD90901,margo,4.6,39.947,1.591,118,135,0,0,20,0,37,0
MD90901,margo,4.7,39.947,1.591,93,234,0,0,18,0,26,0
MD90901,margo,4.8,39.947,1.591,53,153,0,0,28,0,59,0
MD90901,margo,4.9,39.947,1.591,76,176,0,1,26,0,42,0
MD90901,margo,5,39.947,1.591,103,251,0,0,22,0,20,0
MD90901,margo,5.1,39.947,1.591,61,138,0,0,75,0,36,0
MD90901,margo,5.2,39.947,1.591,64,151,0,0,40,0,82,0
MD90901,margo,5.3,39.947,1.591,66,293,0,0,73,0,66,0
MD90901,margo,5.4,39.947,1.591,71,235,0,0,46,0,42,0
MD90901,margo,5.5,39.947,1.591,99,135,0,0,33,0,30,0
MD90901,margo,5.6,39.947,1.591,55,135,0,0,20,0,20,0
MD90901,margo,5.7,39.947,1.591,52,244,0,1,67,0,13,0
MD992344,margo,2.47,41.997,4.836,17,422,0,0,28,0,0,0
MD992344,margo,2.53,41.997,4.836,8,182,0,0,2,0,3,0
MD992344,margo,2.63,41.997,4.836,144,503,0,0,65,0,13,0
MD992344,margo,2.69,41.997,4.836,10,103,0,0,8,0,0,0
MD992346,margo,6.195,42.044,4.151,67,393,0,0,53,0,4,0
MD992346,margo,6.295,42.044,4.151,74,290.875,0,0,70,0,4,0
MD992346,margo,6.385,42.044,4.151,65,275,0,0,39,0,8,0
MD992346,margo,6.525,42.044,4.151,65,309,0,0,54,0,11,0
MD992346,margo,6.625,42.044,4.151,13,263.875,0,0,30,0,0,0
MD992346,margo,6.725,42.044,4.151,53,298,0,0,38,0,4,0
MD992346,margo,6.915,42.044,4.151,51,291.625,0,0,37,0,0,0
MD992346,margo,7.115,42.044,4.151,24,444.5,0,0,62,0,7,0
MD992346,margo,7.285,42.044,4.151,13,185,0,0,35,0,2,0
MD992346,margo,7.485,42.044,4.151,25,280.25,0,0,36,0,0,0
MD992346,margo,7.59,42.044,4.151,28,286.5,0,0,13,0,2,0
MD992346,margo,7.685,42.044,4.151,29,350.5,0,0,65,0,2,0
MD992346,margo,7.79,42.044,4.151,46,288,0,0,77,0,3,0
MD992346,margo,7.885,42.044,4.151,71,194.25,0,0,71,0,1,0
MD992346,margo,8,42.044,4.151,138,292,0,0,74,0,3,0
MD992346,margo,8.04,42.044,4.151,139,310,0,0,45,0,0,0
MD992346,margo,8.07,42.044,4.151,141,289.5,0,0,45,0,1,0
MD992346,margo,8.08,42.044,4.151,111,180.25,0,0,18,0,1,0
MD992346,margo,8.085,42.044,4.151,154,266.5,0,0,39,0,0,0
MD992346,margo,8.1,42.044,4.151,103,211,0,0,37,0,0,0
MD992346,margo,8.15,42.044,4.151,102,314,0,0,27,0,0,0
MD992346,margo,8.2,42.044,4.151,83,358,0,0,46,0,10,0
MD992346,margo,8.255,42.044,4.151,130,198,0,2,128,0,36,0
ODP 969,margo,0.605,33.839,24.884,152,65,0,0,32,0,76,0
ODP 969,margo,0.625,33.839,24.884,110,39,0,0,24,0,75,0
ODP 969,margo,0.645,33.839,24.884,174,57,0,1,54,0,139,0
ODP 969,margo,0.665,33.839,24.884,137,57,0,1,42,0,98,0
ODP 969,margo,0.685,33.839,24.884,119,43,0,0,54,0,120,0
ODP 973,margo,0.945,35.78,18.948,140,56,0,2,62,0,30,0
ODP 973,margo,0.985,35.78,18.948,152,68,0,3,48,0,94,0
ODP 975,margo,1.13,38.89,4.5,175,296,0,0,117,0,2,0
ODP 975,margo,1.165,38.89,4.5,90,219,0,0,92,0,2,0
ODP 975,margo,1.225,38.89,4.5,200,428,0,0,97,0,5,0
ODP 975,margo,1.285,38.89,4.5,100,251,0,0,56,0,42,0
ODP 975,margo,1.325,38.89,4.5,170,278,0,0,68,0,32,0
ODP 977,margo,3.56,36.19,-1.573,373,35,0,1,7,0,4,0
ODP 977,margo,3.66,36.19,-1.573,457,27,0,0,12,0,5,0
ODP 977,margo,3.76,36.19,-1.573,392,42,0,1,13,0,3,0
ODP 977,margo,3.96,36.19,-1.573,417,72,0,1,14,0,5,0
ODP 977,margo,4.02,36.19,-1.573,275,82,0,1,15,0,3,0
ODP Site 883D,margo,116,51.199,167.768,1139,115,0,0,0,,0,0
ODP Site 883D,margo,120,51.199,167.768,323,42,0,0,0,,0,0
ODP Site 883D,margo,123,51.199,167.768,379,59,0,0,0,,0,0
ODP Site 883D,margo,126,51.199,167.768,385,56,0,0,0,,0,0
ODP Site 883D,margo,130,51.199,167.768,313,49,0,0,2,,0,0
ODP Site 883D,margo,133,51.199,167.768,359,55,0,0,0,,0,0
ODP Site 883D,margo,136,51.199,167.768,412,40,0,0,0,,2,0
ODP Site 883D,margo,140,51.199,167.768,412,25,0,0,0,,0,0
ODP Site 883D,margo,143,51.199,167.768,1069,85,0,0,0,,0,0
ODP Site 883D,margo,145,51.199,167.768,398,40,0,0,0,,0,0
ODP122-760A,margo,0.39,-16.922,115.5413333,23,2,0,7,136,0,154,0
ODP122-762B,margo,0.8,-19.88733333,112.254,17,7,0,6,115,0,116,3
P69,margo,3.9,-40.39666667,177.9966667,57,68,0,0,90,0,7,0
Q200,margo,0.59,-45.995,172.025,252,23,0,0,2,0,0,0
Q585,margo,0.73,-49.70333333,182.075,325,15,0,0,3,0,0,0
R657 (S),margo,0.5,-42.53333333,181.5083333,50,111,0,0,158,0,2,0
R657 (W),margo,0.5,-42.53333333,181.5083333,57,80,0,0,98,0,1,0
RC08-039,margo,0.7,-42.88333333,42.35,224,29,0,0,10,0,0,0
RC08-078,margo,0.5,-44.78333333,184.2333333,35,94,0,0,106,0,12,0
RC09-148,margo,0.19,-29.68,113.7,8,14,0,1,209,0,116,0
RC09-150 (P),margo,0.8,-31.28333333,114.5516667,30,28,0,11,181,0,46,0
RC09-150 (W),margo,0.9,-31.28333333,114.5516667,12,29,0,0,218,0,23,0
RC09-161,margo,1.6,19.56833333,59.595,6,89,0,8,105,1,85,0
RC09-162,margo,0.5,19.07666667,60.42166667,10,66,0,9,122,0,95,0
RC10-11,margo,20,-11.183,-162.917,0,10,0,64,341,,159,0
RC10-131,margo,0.3,-14.53,157.97,2,17,0,13,95,0,152,0
RC10-16,margo,9,33.083,158,13,50,0,0,259,,14,0
RC10-62,margo,51,3.333,-101.717,6,10,0,3,133,,13,0
RC10-97,margo,44,0.917,-134.317,12,23,0,0,391,,21,17
RC11-120,margo,0.74,-43.51666667,79.86666667,186,81,0,0,8,0,1,0
RC11-121,margo,0.4,-39.71666667,82.25,43,124,0,0,44,0,39,0
RC11-126,margo,0.2,-30.06666667,94.41666667,62,86,0,8,64,0,68,0
RC11-134,margo,0.1,-33.06666667,110.55,26,88,0,3,106,1,57,0
RC11-145,margo,0.29,-25.48333333,110.0166667,7,6,0,1,234,0,84,0
RC11-147,margo,0.6,-19.05833333,112.75,17,14,0,35,119,0,106,0
RC11-21,margo,15,-6.133,-140.85,9,60,0,45,271,,99,51
RC11-21,margo,40,1.817,-140.05,39,10,0,4,105,,11,4
RC11-22,margo,30,-14.817,-139.967,9,17,0,94,290,,111,4
RC11-23,margo,45,-8.8,-110.8,22,52,0,4,296,,79,22
RC12-10,margo,40,-26,169.2,81,106,0,10,333,,387,0
RC12-109,margo,0.4,-25.88333333,157.8666667,16,34,0,8,150,0,235,0
RC12-113 (A),margo,0.5,-24.88,163.52,23,19,0,16,69,0,201,0
RC12-339,margo,0.7,9.133333333,90.03333333,7,34,0,9,175,0,71,0
RC12-36,margo,20,15.1,124.133,4,38,0,32,64,,223,0
RC13-038,margo,0.4,-14.51666667,177.1,8,19,0,20,169,0,305,0
RC13-11,margo,50,-1.65,-103.633,11,31,0,1,192,,12,2
RC13-17,margo,30,19.083,-170.067,9,9,0,40,13,,44,1
RC13-81,margo,10,-19.017,-124.233,24,45,0,53,639,,403,38
RC13110,margo,54,0.1,-95.65,20,33,0,0,239,,4,0
RC13115,margo,61,-1.633,-104.833,8,26,0,0,215,,13,2
RC14-007,margo,0.25,-35.51666667,44.75,21,50,0,0,123,0,44,0
RC14-009,margo,0.7,-39.01666667,47.88333333,24,103,0,1,44,0,7,0
RC14-029,margo,0.2,-10.92333333,88.315,8,9,0,20,125,0,130,3
RC14-035,margo,0.4,-0.833333333,89.95,12,21,0,6,126,0,120,14
RC14-037,margo,0.4,1.466666667,90.16666667,7,20,0,14,126,1,122,10
RC17-069,margo,0.6,-31.5,32.6,12,33,0,6,161,0,78,0
RC17-073,margo,0.3,-32.11666667,36.01666667,22,45,0,11,130,0,81,0
RC17-098,margo,0.53,-13.21666667,65.61666667,29,10,0,10,114,0,133,1
RC17-108,margo,0.4,-10.508,57.72,8,51,0,47,80,0,107,0
RC17-113,margo,0.3,15.033,66.097,13,17,0,3,155,0,111,0
RC8-94,margo,16,-27.283,-102.083,74,69,0,145,325,,488,3
RC9-124,margo,40,-28.75,172.6,95,139,0,11,251,,334,0
RC9-126,margo,30,-33.233,168.733,40,253,0,4,412,,187,0
RC9-178,margo,0.5,33.733,27.917,99,29,0,0,20,0,79,0
RC9-178,margo,0.61,33.733,27.917,163,74,0,0,22,0,90,0
RC9-178,margo,0.665,33.733,27.917,132,86,0,0,30,0,69,0
RC9191,margo,1.28,38.2,18.033,171,91,0,2,37,0,0,0
RC9191,margo,1.36,38.2,18.033,165,114,0,0,43,0,0,0
RC9191,margo,1.46,38.2,18.033,253,82,0,1,40,0,1,0
RC9191,margo,1.56,38.2,18.033,242,104,0,1,50,0,1,0
RC9191,margo,1.65,38.2,18.033,194,114,0,0,80,0,1,0
RR9702A-63TC,margo,16,-18.085,-79.04,46,98,0,1,272,,11,0
RR9702A-69TC,margo,70,-16.007,-76.378,95,160,0,0,127,,11,0
RR9702A-69TC,margo,80,-16.007,-76.378,54,43,0,0,144,,8,0
RS067-GC10,margo,0.505,-38.86166667,140.1,61,159,0,0,45,0,1,0
RS096-GC21,margo,0.29,-23.77216667,108.5006667,12,10,0,7,127,0,85,0
RS147-GC07,margo,0.985,-45.15,146.28,133,207,0,0,85,104,14,0
RS147-GC14,margo,0.25,-46.45,145.24,106,118,0,0,45,0,5,0
RS147-GC31,margo,0.69,-44.53,149.05,46,163,0,0,50,0,0,0
S794,margo,1.39,-35.31,177.9966667,58,74,0,1,122,0,18,0
SHI9006,margo,5.99,-4.33223,117.59584,13,53,0,14,216,0,159,0
SHI9016,margo,0.52,-8.455833333,128.238,18,24,0,29,198,0,179,13
SHI9022,margo,5.79,-11.35444,122.03799,8,14,0,21,154,0,126,0
SHI9034,margo,8.3,-9.09764,111.00721,13,61,0,12,187,0,45,0
SO36-07,margo,0.73,-42.25,144.75,92,128,0,0,63,0,19,0
SO36-21,margo,0.2,-43.8,145.5,41,144,0,0,75,0,5,0
SO36-39,margo,0.3,-45.87,145.99,72,119,0,0,55,0,0,0
SO36-47,margo,0.5,-46.87,145.98,75,130,0,0,60,0,0,0
SU8107,margo,2.5,35.57,-3.48,259,159,0,0,21,0,2,0
SU8107,margo,2.6,35.57,-3.48,331,111,0,1,33,0,1,0
SU8107,margo,2.7,35.57,-3.48,332,96,0,0,29,0,2,0
SU8107,margo,2.8,35.57,-3.48,191,65,0,0,14,0,4,0
SU8107,margo,2.9,35.57,-3.48,265,96,0,0,19,0,2,0
SU8107,margo,3,35.57,-3.48,246,70,0,0,10,0,1,0
SU8107,margo,3.1,35.57,-3.48,243,121,0,0,25,0,0,0
T87/2/20G,margo,0.405,34.97,23.75,79,33,0,1,19,0,53,0
T87/2/20G,margo,0.455,34.97,23.75,79,39,0,0,34,0,71,0
T87/2/20G,margo,0.505,34.97,23.75,87,27,0,0,21,0,75,0
U938,margo,1.3,-45.075,179.4983333,180,45,0,0,100,0,0,0
V  28294,margo,4,28.433,139.967,98,280,0,34,486,,486,0
V  28304,margo,45,28.533,134.133,21,179,0,5,349,,240,0
V  32139,margo,1,31.567,151.1,10,31,0,0,258,,20,0
V 18-31,margo,25,-2.85,-126.2,3,11,0,2,116,,2,3
V 18-31,margo,15,3.167,-118.467,1,3,0,0,173,,13,2
V 19-29,margo,120,-3.583,-83.933,68,383,0,1,464,,5,0
V 19-53,margo,45,-17.017,-113.517,8,3,0,5,154,,65,65
V 19-55,margo,23,-17,-114.183,6,70,0,58,751,,205,85
V 19-64,margo,15,-16.933,-121.2,6,25,0,35,357,,137,20
V 19-65,margo,15,-16.65,-124.383,16,21,0,22,577,,216,50
V 19-96,margo,15,0.867,172,4,33,0,1,162,,51,2
V 20-11,margo,20,47.95,168.783,380,40,0,0,0,,0,0
V 21-14,margo,70,37.683,163.033,16,29,0,0,275,,1,0
V 21-30,margo,250,-1.217,-89.683,7,713,0,7,482,,13,0
V 21-33,margo,45,-3.8,-92.083,1,74,0,0,370,,4,0
V 28-20,margo,40,0.95,-179.417,13,95,0,25,390,,145,23
V 28-20,margo,20,2.767,-173.933,1,125,0,63,297,,122,8
V 28-23,margo,20,-5.5,166.75,9,71,0,24,312,,122,1
V 28-23,margo,35,1.017,160.483,3,39,0,10,121,,57,4
V 28-23,margo,30,3.25,159.183,6,30,0,4,138,,49,5
V 28-24,margo,20,11.067,138.533,9,104,0,64,193,,287,0
V 32126,margo,25,35.317,177.9,9,193,0,0,213,,13,0
V10-49,margo,1.17,36.083,26.833,227,36,0,1,82,0,2,0
V10-51,margo,1.31,35.917,27.3,157,22,0,0,30,0,3,0
V10-51,margo,1.41,35.917,27.3,129,30,0,0,45,0,1,0
V10-51,margo,1.51,35.917,27.3,249,96,0,1,51,0,2,0
V14-077,margo,0.29,-29.64166667,32.85833333,12,9,0,9,153,0,104,0
V14-081,margo,0.35,-28.425,43.78333333,19,28,0,25,115,1,98,0
V14-101,margo,0.7,8.65,58.56666667,19,28,0,7,148,0,68,0
V14-102,margo,0.4,10.25,57.18333333,28,30,0,6,149,0,46,0
V16-089,margo,0.4,-33.01666667,85.78333333,41,94,0,1,92,1,20,0
V18-191,margo,0.3,-32.433,46.567,37,45,0,5,119,1,53,0
V18-207,margo,0.4,-25.63333333,87.11666667,27,8,0,18,66,1,180,0
V19-178,margo,0.8,8.116666667,73.25,11,21,0,22,130,0,107,9
V19-185,margo,0.3,6.7,59.33333333,17,36,0,8,121,0,85,4
V19-188,margo,0.6,6.866666667,60.66666667,27,31,0,2,126,0,81,4
V19-201,margo,0.7,-5.333333333,40.43333333,11,18,0,17,130,2,106,0
V19-202,margo,0.4,-6.983333333,41.18333333,14,19,0,6,121,0,127,1
V19-204,margo,0.3,-10.23333333,43.81666667,11,21,0,2,127,0,122,0
V19-29,margo,120,-3.583,-83.933,35,325,0,1,631,,28,0
V20-170,margo,0.3,-21.8,69.23333333,23,6,0,22,64,0,184,0
V20-175,margo,0.3,-22.3,68,24,13,0,23,60,1,180,0
V24-157,margo,0.3,-14.95,147.92,5,14,0,8,112,0,272,0
V24-161,margo,0.5,-18.2,151.45,11,15,0,11,63,0,187,1
V24-170,margo,0.4,-13.52,146.88,15,12,0,6,96,0,273,0
V24-184,margo,0.3,-12.87,146.2,14,3,0,3,101,0,218,0
V28-238,margo,0.39,1.016666667,160.4833333,33,6,0,13,472,0,502,19
V28-239,margo,0.52,3.25,159.1833333,43,1,0,3,340,1,204,10
V28-310,margo,40,25.417,125.633,3,78,0,105,430,,101,0
V28-342 (W),margo,0.89,-14.1,120.5,24,0,0,8,102,0,130,0
V29-029,margo,0.8,5.116666667,77.58333333,10,47,0,9,180,0,53,1
V29-030,margo,0.8,3.083333333,76.25,12,20,0,5,191,0,60,3
V29-045,margo,0.4,-6,69.817,11,22,0,10,137,1,103,1
V29-048,margo,0.2,-6.266666667,63.43333333,16,12,0,5,126,0,128,1
V29-064,margo,0.3,-27.283,74.867,52,21,0,7,49,0,171,0
V32-128,margo,32,36.467,177.167,74,191,0,0,260,,12,0
V33-065,margo,0.4,-22.73333333,112.5833333,10,6,0,10,187,0,79,0
VNTRO1-8,margo,41,0.033,-110.483,43,25,0,1,270,,19,2
Y69-106p,margo,30,2.983,-86.55,7,39,0,6,145,,11,0
Y69-71P,margo,180,0.1,-86.483,2,67,0,1,197,,5,0
Y71-3-2,margo,20,7.167,-85.15,3,35,0,0,156,,11,0
Y71-6-12,margo,46,-16.443,-77.563,46,111,0,3,182,,12,0
Y71-6-12,margo,50,-16.443,-77.563,137,106,0,0,296,,6,0
Y71-6-12,margo,56,-16.443,-77.563,42,45,0,3,192,,14,1
Y71-6-12,margo,49,-16.44,-77.56,134,106,0,0,342,,6,0
Z2108,margo,0.75,-33.3765,161.6125,24,153,3,2,174,0,64,1
Z2112,margo,0.935,-33.53,166.53,34,69,0,3,154,1,62,0
y71-9-101,margo,63,-6.383,-106.933,3,16,0,0,198,,22,0
